[
  {
    "CardName": "Barclaycard",
    "Message": "Congratulations!! You are successfully registered for Barclaycard CreditCard.",
    "Image": "barclay.jfif",
    "APR": "The ongoing APR is 13.99% - 26.99% Variable APR. A safer choice might be a card with a true 0% introductory APR period, during which no interest accumulates on purchases at all.",
    "PromotionalMessage": "Barclaycard is a high interest creditwith 0.25 % cashback on your everyday spend*. No fees abroad, you'll be able to withdraw cash from an ATM or buy your souvenirs without any charges and benefit from Visa's competitive exchange rate."
  },
  {
    "CardName": "Vanquis",
    "Message": "Congratulations!! You are successfully registered for Vanquis  CreditCard.",
    "Image": "Vanquis.jfif",
    "APR": "The total of any interest we have charged since the date of your last statement; and any default fees we have charged; and depending on your APR, 3% or 2.5% of the remainder of the balance you owe on your account as at the statement date",
    "PromotionalMessage": "Vanquis is a high interest credit card provider, with annual interest rates that range from 39.9% APR (variable) to 69.9% APR (variable) depending on individual circumstances."
  },
  {
    "CardName": "NoEligibleCards",
    "Message": "Sorry!! You are not Eligible for a CreditCard.",
    "Image": "",
    "APR": "Please check the deatis you have entered.",
    "PromotionalMessage": ""
  }
]